INSERT INTO tblWorker (id_worker, name, spec, status) VALUES 
(1, 'Иванов Иван Иванович', 'инженер', 2), 
(2, 'Петров Петр Петрович', 'технолог', 3), 
(3, 'Сидоров Сидор Сидорович', 'техник', 1),
(4, 'Кузнецов Кузьма Кузьмич', 'механик', 2),
(5, 'Макаров Макар Макарович', 'монтажник', 1),
(6, 'Андреев Андрей Андреевич', 'электромеханик', 3),
(7, 'Борисов Борис Борисович', 'конструктор', 2),
(8, 'Дмитриев Дмитрий Дмитриевич', 'разработчик', 3),
(9, 'Егоров Егор Егорович', 'испытатель', 1),
(10, 'Федоров Федор Федорович', 'сертификатор', 3),
(11, 'Григорьев Григорий Григорьевич', 'технический писатель', 2),
(12, 'Никитин Никита Никитич', 'реконструктор', 1),
(13, 'Орлов Орел Орлович', 'переводчик', 2),
(14, 'Павлов Павел Павлович', 'программист', 3),
(15, 'Романов Роман Романович', 'инспектор', 1);

INSERT INTO tblProject (id_project, name, boss, deadline) VALUES
(1, 'Проект 1', 2, '2022-01-31'),
(2, 'Проект 2', 3, '2022-03-31'),
(3, 'Проект 3', 1, '2022-02-28'),
(4, 'Проект 4', 4, '2022-05-31'),
(5, 'Проект 5', 3, '2022-06-30'),
(6, 'Проект 6', 5, '2022-04-30'),
(7, 'Проект 7', 2, '2022-10-31'),
(8, 'Проект 8', 1, '2022-09-30'),
(9, 'Проект 9', 3, '2022-12-31'),
(10, 'Проект 10', 2, '2022-02-28'),
(11, 'Проект 11', 4, '2022-08-31'),
(12, 'Проект 12', 5, '2022-07-31'),
(13, 'Проект 13', 1, '2022-06-30'),
(14, 'Проект 14', 2, '2022-10-31'),
(15, 'Проект 15', 3, '2022-03-31');

INSERT INTO tblParticipate (id_project, id_worker, salary) VALUES
(1, 1, 1000.50),
(2, 2, 1500.75),
(3, 3, 800.25),
(4, 4, 1200.00),
(5, 5, 900.50),
(6, 6, 2000.00),
(7, 7, 1500.00),
(8, 8, 1800.25),
(9, 9, 1000.00),
(10, 10, 2000.00),
(11, 11, 1500.50),
(12, 12, 800.00),
(13, 13, 1200.50),
(14, 14, 2200.75),
(15, 15, 900.00);

INSERT INTO tblDetail (id_detail, name, color, city, weight)
VALUES 
(1, 'Шуруп', 'Серый', 'Москва', 0.05),
(2, 'Гайка', 'Серебристый', 'Санкт-Петербург', 0.03),
(3, 'Винт', 'Черный', 'Екатеринбург', 0.07),
(4, 'Лента', 'Красный', 'Казань', 0.2),
(5, 'Пруток', 'Желтый', 'Волгоград', 0.5),
(6, 'Труба', 'Коричневый', 'Омск', 0.6),
(7, 'Лист', 'Зеленый', 'Ростов-на-Дону', 0.8),
(8, 'Пластина', 'Белый', 'Краснодар', 0.9),
(9, 'Кольцо', 'Синий', 'Самара', 0.02),
(10, 'Прокладка', 'Оранжевый', 'Новосибирск', 0.01),
(11, 'Кабель', 'Фиолетовый', 'Пермь', 0.5),
(12, 'Зажим', 'Розовый', 'Томск', 0.05),
(13, 'Клемма', 'Бежевый', 'Киров', 0.03),
(14, 'Жгут', 'Серый', 'Уфа', 0.2),
(15, 'Надежда', 'Голубой', 'Челябинск', 0.05);

INSERT INTO tblUse (id_project, id_detail, number)
VALUES 
(1, 1, 100),
(1, 2, 200),
(1, 4, 150),
(1, 6, 50),
(1, 9, 75),
(2, 3, 300),
(2, 5, 250),
(2, 7, 100),
(2, 10, 150),
(3, 4, 120),
(3, 6, 80),
(3, 8, 50),
(4, 1, 50),
(4, 5, 100),
(4, 9, 25);

INSERT INTO tblProvider (id_provider, name, city, status)
VALUES 
(1, 'ООО “СтройДетали”', 'Москва', 1),
(2, 'ООО “МеталлПром”', 'Санкт-Петербург', 1),
(3, 'ООО “МеталлТранзит”', 'Екатеринбург', 1),
(4, 'ООО “Стальные изделия”', 'Казань', 0),
(5, 'ООО “МеталлоКомплект”', 'Волгоград', 1),
(6, 'ООО “МеталлСтрой”', 'Омск', 0),
(7, 'ООО “МеталлСервис”', 'Ростов-на-Дону', 1),
(8, 'ООО “МеталлТехника”', 'Краснодар', 0),
(9, 'ООО “МеталлоДеталь”', 'Самара', 1),
(10, 'ООО “СтройМеталл”', 'Новосибирск', 1),
(11, 'ООО “МеталлДизайн”', 'Пермь', 1),
(12, 'ООО “МеталлЭнерго”', 'Томск', 0),
(13, 'ООО “МеталлСтандарт”', 'Киров', 1),
(14, 'ООО “МеталлКонструкция”', 'Уфа', 0),
(15, 'ООО “МеталлПроект”', 'Челябинск', 1);

INSERT INTO tblDelivery (id_delivery, id_detail, id_provider, number)
VALUES 
(1, 2, 3, 200),
(2, 4, 5, 150),
(3, 1, 1, 100),
(4, 3, 2, 300),
(5, 7, 4, 80),
(6, 1, 5, 50),
(7, 8, 6, 40),
(8, 9, 9, 100),
(9, 10, 10, 200),
(10, 2, 11, 150),
(11, 3, 12, 250),
(12, 1, 13, 75),
(13, 6, 15, 50),
(14, 4, 10, 120),
(15, 9, 1, 25);

-- ========================================

INSERT INTO tblWorker (id_worker, name, spec, status)
VALUES 
(16, 'Иванов Иван Иванович', 'электрик', 1),
(17, 'Петров Сергей Александрович', 'монтажник', 1),
(18, 'Сидоров Владимир Викторович', 'инженер', 1),
(19, 'Кузнецов Антон Витальевич', 'сварщик', 0),
(20, 'Дмитриев Максим Евгеньевич', 'строитель', 1),
(21, 'Соловьев Александр Анатольевич', 'электрик', 1),
(22, 'Захаров Владислав Игоревич', 'монтажник', 1),
(23, 'Козлов Василий Петрович', 'инженер', 0),
(24, 'Михайлов Игорь Александрович', 'сварщик', 1),
(25, 'Андреев Андрей Андреевич', 'строитель', 1),
(26, 'Николаев Николай Николаевич', 'электрик', 1),
(27, 'Поляков Никита Игоревич', 'монтажник', 0),
(28, 'Воронов Сергей Владимирович', 'инженер', 1),
(29, 'Соколов Артем Александрович', 'сварщик', 1),
(30, 'Кулаков Дмитрий Викторович', 'строитель', 1);

INSERT INTO tblDelivery (id_delivery, id_detail, id_provider, number)
VALUES 
(16, 2, 20, 500),
(17, 4, 21, 350),
(18, 1, 22, 450),
(19, 3, 20, 400),
(20, 7, 22, 250),
(21, 1, 20, 300),
(22, 8, 21, 600),
(23, 9, 22, 700),
(24, 10, 21, 800),
(25, 2, 22, 550),
(26, 3, 20, 200),
(27, 1, 20, 400),
(28, 6, 22, 600),
(29, 4, 21, 220),
(30, 9, 20, 250);
